"formatRepoId","repoId","template","date","Jahr","Format","Titel","url","Link","Sachbearbeiterin","0) Autorinnenzeile","a) Frau(en) im Text","b) Rolle der Frau(en)","c) Frau(en) in tragender Rolle","d-1) Anzahl MÃ¤nner als Experten","d-2) Anzahl Frauen als Experten","e-1) Anzahl MÃ¤nner als Betroffene","e-2) Anzahl Frauen als Betroffene","Schwierigkeiten","","","","","","","","","","","",""
"","republik/article-der-protest-als-kulisse","article","30.05.2020","2020","","Der Malwiederstand","https://www.republik.ch/2020/05/30/der-malwiederstand-der-corona-rebellen","Beitrag","oku","nur weiblich","Ja","beides","Ja","6","2","8","2","","","","","","","","","","","","",""
"republik/format-binswanger","republik/article-locker-konsequent","article","30.05.2020","2020","Binswanger","Mehr Freiheit, mehr Vorsicht?","https://www.republik.ch/2020/05/30/mehr-freiheit-mehr-vorsicht","Beitrag","pae","nur mÃ¤nnlich","Nein","","Nein","2","0","0","0","","","","","","","","","","","","",""
"republik/format-wochenrevue","republik/article-wochenrevue-s01e15","article","30.05.2020","2020","Wochenrevue ðŸŽ§","22/2020: COâ‚‚, Medienvielfalt und Â«ansonsten zerfasert hier gerade allesÂ»","https://www.republik.ch/2020/05/30/wochenrevue","Beitrag","philipp","","","","","","","","","Audio","","","","","","","","","","","",""
"republik/format-fotokolumne","republik/article-spass-bei-den-ivorern-drama-bei-den-libanesen","article","30.05.2020","2020","Ansichten aus Afrika","Â«Ivorer setzen auf Spass, Libanesen auf DramaÂ»","https://www.republik.ch/2020/05/30/ivorer-setzen-auf-spass-libanesen-auf-drama","Beitrag","ronja","nur weiblich","Nein","","Nein","0","0","1","0","","","","","","","","","","","","",""
"republik/format-watchblog","republik/article-chronologie-medienkonzentration","article","29.05.2020","2020","Watchblog","Chronologie der Schweizer Medienkonzentration","https://www.republik.ch/2020/05/29/chronologie-der-schweizer-medienkonzentration","Beitrag","danig","nur mÃ¤nnlich","Ja","Expertin, Auskunftsperson","Nein","5","1","5","0","","","","","","","","","","","","",""
"republik/format-was-diese-woche-wichtig-war","republik/article-wdwww-29-05","article","29.05.2020","2020","Was diese Woche wichtig war","Hongkong fÃ¼rchtet um Autonomie, Corona trifft Lateinamerika â€“ und Twitter muckt auf","https://www.republik.ch/2020/05/29/hongkong-fuerchtet-um-autonomie-corona-trifft-lateinamerika-und-twitter-muckt-auf","Beitrag","kath","beides","Ja","beides","Ja","9","2","6","2","","","","","","","","","","","","",""
"republik/format-echo","republik/article-echo-9","article","29.05.2020","2020","Echo","Nerds retten die Welt, der Fax im Bundesamt und Gujer bei der NZZ","https://www.republik.ch/2020/05/29/nerds-retten-die-welt-der-fax-im-bundesamt-und-gujer-bei-der-nzz","Beitrag","mjk","unbestimmt","Ja","Expertin, Auskunftsperson","Ja","11","7","1","0","","","","","","","","","","","","",""
"","republik/article-interviewsommaruga","article","29.05.2020","2020","","Â«Redaktionen, die ihre Leser mit versteckter Werbung tÃ¤uschen, beschÃ¤digen ihre GlaubwÃ¼rdigkeitÂ»","https://www.republik.ch/2020/05/29/redaktionen-die-ihre-leser-mit-versteckter-werbung-taeuschen-beschaedigen-ihre-glaubwuerdigkeit","Beitrag","olivier","beides","Ja","beides","Ja","0","1","0","1","","","","","","","","","","","","",""
"republik/format-covid-19-uhr-newsletter","republik/newsletter-editorial-nl29-5","editorialNewsletter","29.05.2020","2020","Covid-19-Uhr-Newsletter","Gehen geht meistens, und meistens geht es danach besser","https://www.republik.ch/2020/05/29/covid19","Beitrag","patte","beides","Ja","beides","Ja","0","1","0","0","","","","","","","","","","","","",""
"republik/format-covid-19-uhr-newsletter","republik/newsletter-editorial-covid-19","editorialNewsletter","28.05.2020","2020","Covid-19-Uhr-Newsletter","Die SchÃ¼lerin, die aus dem Fenster stieg und zu den Hausaufgaben verschwand","https://www.republik.ch/2020/05/28/covid19","Beitrag","jonas","beides","Ja","Betroffene, Protagonistin","Ja","1","2","","1","","","","","","","","","","","","",""
"","republik/article-pflegezentren","article","28.05.2020","2020","","TÃ¶dlicher Zufall","https://www.republik.ch/2020/05/28/toedlicher-zufall","Beitrag","oku","nur mÃ¤nnlich","Ja","beides","Ja","1","2","0","1","","","","","","","","","","","","",""
"republik/format-briefing-aus-bern","republik/article-briefing103","article","28.05.2020","2020","Briefing aus Bern","Der LockerÂ­down kommt, die KlimaÂ­jugend hat einen Plan â€“ und virensicherer Sex","https://www.republik.ch/2020/05/28/der-locker-down-kommt-die-klima-jugend-hat-einen-plan-und-virensicherer-sex","Beitrag","pae","beides","Nein","","Nein","0","0","2","0","","","","","","","","","","","","",""
"","republik/article-das-virus-die-wirrnis-und-wir","article","28.05.2020","2020","","Das Virus, die Wirrnis und wir","https://www.republik.ch/2020/05/28/das-virus-die-wirrnis-und-wir","Beitrag","ronja","nur mÃ¤nnlich","Ja","beides","Nein","4","2","6","1","","","","","","","","","","","","",""
"republik/format-am-gericht","republik/article-brunaupark","article","27.05.2020","2020","Am Gericht","Eine Siedlung will nicht weichen","https://www.republik.ch/2020/05/27/eine-siedlung-will-nicht-weichen","Beitrag","kath","nur weiblich","Ja","beides","Ja","3","2","0","0","","","","","","","","","","","","",""
"","republik/article-lachen-im-lockdown","article","27.05.2020","2020","","Lachen ist ansteckend","https://www.republik.ch/2020/05/27/lachen-im-lockdown","Beitrag","olivier","nur mÃ¤nnlich","Ja","Betroffene, Protagonistin","Nein","3","0","3","2","","","","","","","","","","","","",""
"","republik/article-apps-in-asien","article","27.05.2020","2020","","SchÃ¶n, wir haben bald eine App. Und dann?","https://www.republik.ch/2020/05/27/schoen-wir-haben-eine-app-und-was-jetzt","Beitrag","patte","nur weiblich","Ja","Expertin, Auskunftsperson","Nein","3","3","0","0","","","","","","","","","","","","",""
"republik/format-covid-19-uhr-newsletter","republik/newsletter-editorial-covid-mittwoch-27-5","editorialNewsletter","27.05.2020","2020","Covid-19-Uhr-Newsletter","Freudig panisch und glÃ¼cklich entsetzt","https://www.republik.ch/2020/05/27/covid19","Beitrag","philipp","beides","Ja","Expertin, Auskunftsperson","Ja","1","3","0","0","Beantwortung von c) unsicher","","","","","","","","","","","",""
"republik/format-covid-19-uhr-newsletter","republik/newsletter-editorial-covid-nl-dienstag-26-5","editorialNewsletter","26.05.2020","2020","Covid-19-Uhr-Newsletter","Kein Ich ohne Du","https://www.republik.ch/2020/05/26/covid19","Beitrag","danig","nur weiblich","Ja","Expertin, Auskunftsperson","Ja","2","1","0","0","","","","","","","","","","","","",""
"republik/format-aus-der-arena","republik/article-kinder-fragen-bundesaemter-antworten","article","26.05.2020","2020","Aus der Arena","Kinder fragen, der Bund antwortet","https://www.republik.ch/2020/05/26/kinder-fragen-der-bund-antwortet","Beitrag","jonas","nur weiblich","Nein","","Nein","0","0","0","0","","","","","","","","","","","","",""
"republik/format-mely-kiyak","republik/article-kiyak-ueber-coronaproteste","article","26.05.2020","2020","Kiyaks Exil","Sie sind wieder da","https://www.republik.ch/2020/05/26/sie-sind-wieder-da","Beitrag","mjk","nur weiblich","Nein","","Nein","1","0","3","0","","","","","","","","","","","","",""
"republik/format-covid-19-uhr-newsletter","republik/newsletter-editorial-covie19-montag-25-5","editorialNewsletter","25.05.2020","2020","Covid-19-Uhr-Newsletter","DÃ¼rfen wir kurz unterbrechen?","https://www.republik.ch/2020/05/25/covid19","Beitrag","oku","nur mÃ¤nnlich","Ja","Betroffene, Protagonistin","Nein","5","0","1","1","","","","","","","","","","","","",""
"republik/format-auf-langer-sicht","republik/article-der-einfluss-von-corona-auf-co2","article","25.05.2020","2020","Auf lange Sicht","Historischer RÃ¼ckgang der Treibhausgase â€“ was bleibt davon Ã¼brig?","https://www.republik.ch/2020/05/25/historischer-rueckgang-der-treibhausgase-was-bleibt-davon-uebrig","Beitrag","pae","nur mÃ¤nnlich","Nein","","Nein","0","0","0","0","","","","","","","","","","","","",""
"republik/format-veranstaltung","republik/article-kosmopolitics-journalismus-und-corona","article","25.05.2020","2020","Veranstaltung","Journalismus und Corona: FÃ¼r einmal wissen wir es nicht besser","https://www.republik.ch/2020/05/25/journalismus-und-corona-fuer-einmal-wissen-wir-es-nicht-besser","Beitrag","philipp","","","","","","","","","Veranstaltung","","","","","","","","","","","",""
"","republik/article-beruehrbar-bleiben","article","25.05.2020","2020","","BerÃ¼hrbar bleiben","https://www.republik.ch/2020/05/25/beruehrbar-bleiben","Beitrag","ronja","nur mÃ¤nnlich","Ja","beides","Ja","4","3","6","12","","","","","","","","","","","","",""
"republik/format-wochenrevue","republik/article-wochenrevue-s01e14","article","23.05.2020","2020","Wochenrevue ðŸŽ§","21/2020: Corona-Update, BauernschlÃ¤ue und Â«extensive LangweilerÂ»","https://www.republik.ch/2020/05/23/wochenrevue","Beitrag","danig","","","","","","","","","Audio","","","","","","","","","","","",""
"republik/format-fotokolumne","republik/article-ngadi-smart-teil-2","article","23.05.2020","2020","Ansichten aus Afrika","Â«Diese Welt macht nicht immer Platz fÃ¼r die weibliche VielfaltÂ»","https://www.republik.ch/2020/05/23/diese-welt-macht-nicht-immer-platz-fuer-die-weibliche-vielfalt","Beitrag","kath","nur weiblich","Ja","beides","Ja","0","1","0","1","","","","","","","","","","","","",""
"republik/format-binswanger","republik/article-sinkende-fallzahlen-steigender-wirrsinn","article","23.05.2020","2020","Binswanger","Betet, freie Schweizer, betet","https://www.republik.ch/2020/05/23/betet-freie-schweizer-betet","Beitrag","olivier","nur mÃ¤nnlich","Ja","Expertin, Auskunftsperson","Nein","2","1","2","0","","","","","","","","","","","","",""
"","republik/article-psychoanalyse-in-netflix-zeiten","article","23.05.2020","2020","","Freudlos","https://www.republik.ch/2020/05/23/freudlos","Beitrag","patte","nur mÃ¤nnlich","Ja","Betroffene, Protagonistin","Nein","2","1","11","4","","","","","","","","","","","","",""
"","republik/article-vom-feld-in-die-stadt","article","22.05.2020","2020","","Vom Feld in die Stadt","https://www.republik.ch/2020/05/22/vom-feld-in-die-stadt","Beitrag","jonas","nur weiblich","Ja","Betroffene, Protagonistin","Nein","3","0","5","2","","","","","","","","","","","","",""
"republik/format-covid-19-uhr-newsletter","republik/newsletter-editorial-covid-nl-freitag-22-5","editorialNewsletter","22.05.2020","2020","Covid-19-Uhr-Newsletter","Im grÃ¼nen Bereich","https://www.republik.ch/2020/05/22/covid19","Beitrag","mjk","nur weiblich","Ja","Expertin, Auskunftsperson","Ja","2","1","1","0","","","","","","","","","","","","",""
"republik/format-was-diese-woche-wichtig-war","republik/article-wdwww-22-05","article","22.05.2020","2020","Was diese Woche wichtig war","WHO wird untersucht, Israels AnnexionsÂ­plÃ¤neÂ â€“ und Edward Snowden, this one belongs to you!","https://www.republik.ch/2020/05/22/who-wird-untersucht-israels-annexions-plaene-und-edward-snowden-this-one-belongs-to-you","Beitrag","oku","beides","Ja","beides","Ja","11","1","2","1","","","","","","","","","","","","",""
"republik/format-covid-19-uhr-newsletter","republik/newsletter-editorial-covid19-donnerstag-21-5","editorialNewsletter","21.05.2020","2020","Covid-19-Uhr-Newsletter","Die Zweikassengesellschaft","https://www.republik.ch/2020/05/21/covid19","Beitrag","pae","beides","Nein","","Nein","2","0","1","0","","","","","","","","","","","","",""
"","republik/article-mit-nichtstun-gegen-langeweile","article","21.05.2020","2020","","Sind Sie gelangweilt? Nichtstun hilft","https://www.republik.ch/2020/05/21/sind-sie-gelangweilt-nichtstun-hilft","Beitrag","patte","nur weiblich","Ja","beides","Nein","0","1","14","0","","","","","","","","","","","","",""
"","republik/article-impfstoffe","article","21.05.2020","2020","","Wer bekommt den ImpfstoffÂ â€“ und zu welchem Preis?","https://www.republik.ch/2020/05/21/wer-bekommt-den-impfstoff-und-zu-welchem-preis","Beitrag","philipp","nur mÃ¤nnlich","Ja","beides","Ja","10","8","5","2","","","","","","","","","","","","",""
"republik/format-briefing-aus-bern","republik/article-bab","article","21.05.2020","2020","Briefing aus Bern","Haftstrafe ohne Straftat, Lauber soll abgesetzt werden â€“ und bald nicht mehr alles in Butter?","https://www.republik.ch/2020/05/21/haftstrafe-ohne-straftat-lauber-soll-abgesetzt-werden-und-bald-nicht-mehr-alles-in-butter","Beitrag","ronja","beides","Ja","Betroffene, Protagonistin","Nein","4","0","2","2","","","","","","","","","","","","",""
"republik/format-am-gericht","republik/article-der-korrupte-helfer","article","20.05.2020","2020","Am Gericht","3400 Franken, dann klappt die Adoption","https://www.republik.ch/2020/05/20/3400-franken-dann-klappt-die-adoption","Beitrag","danig","nur mÃ¤nnlich","Ja","beides","Ja","1","6","2","3","","","","","","","","","","","","",""
"","republik/article-der-spaete-sieg-der-streikfuehrer","article","20.05.2020","2020","","Lieber Staat, wir wÃ¤ren jetzt so weit","https://www.republik.ch/2020/05/20/lieber-staat-wir-waeren-jetzt-so-weit","Beitrag","kath","nur mÃ¤nnlich","Ja","beides","Nein","2","1","0","0","","","","","","","","","","","","",""
"republik/format-covid-19-uhr-newsletter","republik/newsletter-editorial-covid-mittwoch-20-5","editorialNewsletter","20.05.2020","2020","Covid-19-Uhr-Newsletter","Ein Comeback-Interview","https://www.republik.ch/2020/05/20/covid19","Beitrag","olivier","beides","Ja","Expertin, Auskunftsperson","Ja","0","1","0","2","","","","","","","","","","","","",""
"","republik/article-essay-cecile-calla","article","19.05.2020","2020","","Zur Brust","https://www.republik.ch/2020/05/19/zur-brust","Beitrag","jonas","nur weiblich","Ja","beides","Ja","0","2","0","4","","","","","","","","","","","","",""
"republik/format-covid-19-uhr-newsletter","republik/newsletter-editorial-covid-dienstag-19-5","editorialNewsletter","19.05.2020","2020","Covid-19-Uhr-Newsletter","Spitzelbank","https://www.republik.ch/2020/05/19/covid19","Beitrag","mjk","beides","Ja","Expertin, Auskunftsperson","Ja","3","1","1","0","","","","","","","","","","","","",""
"republik/format-covid-19-uhr-newsletter","republik/newsletter-editorial-covid-montag-18-5","editorialNewsletter","18.05.2020","2020","Covid-19-Uhr-Newsletter","Re: Fwd: Ein paar Fragen","https://www.republik.ch/2020/05/18/covid19","Beitrag","oku","nur weiblich","Ja","Betroffene, Protagonistin","Nein","5","0","1","1","","","","","","","","","","","","",""
"","republik/article-coronaexplainer-2-0","article","18.05.2020","2020","","Ay, Corona! â€“Â das Sequel: Hello again, Sars-CoV-2","https://www.republik.ch/2020/05/18/was-wissen-wir-eigentlich-unterdessen-ueber-das-corornavirus","Beitrag","pae","nur weiblich","Ja","beides","Ja","12","1","3","1","","","","","","","","","","","","",""
"republik/format-auf-langer-sicht","republik/article-wertschoepfung-corona","article","18.05.2020","2020","Auf lange Sicht","Wenig Gewinner, sehr viele Verlierer: Der zerrissene Flickenteppich der Schweizer Wirtschaft","https://www.republik.ch/2020/05/18/wenig-gewinnerinnen-sehr-viele-verlierer","Beitrag","ronja","nur mÃ¤nnlich","Nein","","Nein","1","0","0","0","","","","","","","","","","","","",""
"republik/format-binswanger","republik/article-wenn-das-wef-den-planeten-rettet","article","25.01.2020","2020","Binswanger","Und wenn das WEF den Planeten doch rettet?","https://www.republik.ch/2020/01/25/und-wenn-das-wef-den-planeten-doch-rettet","Beitrag","patte","nur mÃ¤nnlich","Ja","Expertin, Auskunftsperson","Nein","1","2","1","0","","","","","","","","","","","","",""
"republik/format-fotokolumne","republik/article-ansichten-aus-afrika-3","article","25.01.2020","2020","Ansichten aus Afrika","Â«Vor kurzem sagte mir jemand, ich sei grausam zu BildernÂ»","https://www.republik.ch/2020/01/25/bildkolumne-ansichten-aus-afrika-3","Beitrag","philipp","nur weiblich","Ja","Betroffene, Protagonistin","Ja","0","0","5","1","","","","","","","","","","","","",""
"republik/format-was-diese-woche-wichtig-war","republik/article-wdwww-woche3","article","24.01.2020","2020","Was diese Woche wichtig war","Coronavirus breitet sich aus, Hoffnung auf StabilitÃ¤t in LibyenÂ â€“ und der Prinz hackt den KrÃ¶sus","https://www.republik.ch/2020/01/24/coronavirus-breitet-sich-aus-hoffnung-auf-stabilitaet-in-libyen-und-der-prinz-hackt-den-kroesus","Beitrag","danig","beides","Ja","Betroffene, Protagonistin","Nein","19","2","2","0","","","","","","","","","","","","",""
"","republik/article-erbschaft","article","24.01.2020","2020","","Â«Als Grossvater starb, sind sie wie KrÃ¤hen Ã¼ber seine Sachen hergefallenÂ»","https://www.republik.ch/2020/01/24/als-grossvater-starb-sind-sie-wie-kraehen-ueber-seine-sachen-hergefallen","Beitrag","kath","","","","","","","","","Audio","","","","","","","","","","","",""
"","republik/article-erben-die-analyse","article","24.01.2020","2020","","Die Macht der Toten","https://www.republik.ch/2020/01/24/die-macht-der-toten","Beitrag","olivier","nur mÃ¤nnlich","Ja","Expertin, Auskunftsperson","Nein","8","3","5","0","","","","","","","","","","","","",""
"republik/format-briefing-aus-bern","republik/article-briefing85","article","23.01.2020","2020","Briefing aus Bern","Neue mÃ¤chtige Frau in der Mitte, Studie zur Lage der Medien â€“ und BundesrÃ¤tin Amherd unverschlÃ¼sselt","https://www.republik.ch/2020/01/23/neue-maechtige-frau-in-der-mitte-studie-zur-lage-der-medien-und-bundesraetin-amherd-unverschluesselt","Beitrag","jonas","beides","Ja","beides","Ja","0","2","3","1","","","","","","","","","","","","",""
"","republik/article-der-taenzer-und-die-richterin","article","23.01.2020","2020","","Â«Ich bettle nicht mehr darum, dass man uns leben lÃ¤sstÂ»","https://www.republik.ch/2020/01/23/ich-bettle-nicht-mehr-darum-dass-man-uns-leben-laesst","Beitrag","mjk","nur weiblich","Ja","Expertin, Auskunftsperson","Ja","2","1","9","4","","","","","","","","","","","","",""
"","republik/article-raus-aus-der-bubble","article","23.01.2020","2020","","Raus aus der Bubble","https://www.republik.ch/2020/01/23/raus-aus-der-bubble","Beitrag","oku","nur mÃ¤nnlich","Ja","Expertin, Auskunftsperson","Nein","2","1","12","0","","","","","","","","","","","","",""
"republik/format-wegwefgesellschaft","republik/article-ameise-die-verbesserung-der-berichterstattung-ueber-die-verbesserung-der-welt-teil-3","article","22.01.2020","2020","Wegwefgesellschaft","Die Verbesserung der Berichterstattung Ã¼ber die Verbesserung der Welt","https://www.republik.ch/2020/01/22/die-verbesserung-der-berichterstattung-ueber-die-verbesserung-der-welt-folge-3","Beitrag","olivier","nur mÃ¤nnlich","Nein","","Nein","1","0","2","0","","","","","","","","","","","","",""
"republik/format-happening","republik/article-cross-over","article","22.01.2020","2020","Happening","Crossover der KÃ¼nste?","https://www.republik.ch/2020/01/22/crossover-der-kuenste","Beitrag","pae","nur mÃ¤nnlich","Ja","Betroffene, Protagonistin","Ja","8","1","0","1","","","","","","","","","","","","",""
"","republik/article-postdrama-neu","article","22.01.2020","2020","","Die produktive Provokation","https://www.republik.ch/2020/01/22/die-produktive-provokation","Beitrag","patte","nur weiblich","Ja","Betroffene, Protagonistin","Nein","1","0","32","7","","","","","","","","","","","","",""
"republik/format-am-gericht","republik/article-eine-hammergeschichte","article","22.01.2020","2020","Am Gericht","Eine Hammergeschichte","https://www.republik.ch/2020/01/22/hammergeschichte","Beitrag","philipp","nur weiblich","Ja","Betroffene, Protagonistin","Ja","2","0","3","2","","","","","","","","","","","","",""
"","republik/article-wer-wird-milliardaer","article","22.01.2020","2020","","Das grosse WEF-Quiz","https://www.republik.ch/2020/01/22/das-grosse-wef-quiz","Beitrag","ronja","nur mÃ¤nnlich","Ja","Betroffene, Protagonistin","Nein","0","0","17","4","","","","","","","","","","","","",""
"republik/format-gedankensplitter","republik/article-alles-was-tief-ist-liebt-die-maske-nietzsche","article","21.01.2020","2020","Strassberg","Zeig dich, zieh die Maske an!","https://www.republik.ch/2020/01/21/zeig-dich-zieh-die-maske-an","Beitrag","danig","nur mÃ¤nnlich","Nein","","Nein","5","0","0","0","","","","","","","","","","","","",""
"","republik/article-auf-der-suche-nach-sich-selbst","article","21.01.2020","2020","","Bereit fÃ¼r das Bad in der GÃ¼lle","https://www.republik.ch/2020/01/21/bereit-fuer-das-bad-in-der-guelle","Beitrag","kath","nur mÃ¤nnlich","Ja","beides","Nein","10","1","8","1","","","","","","","","","","","","",""
"republik/format-wegwefgesellschaft","republik/article-ameise-die-verbesserung-der-berichterstattung-ueber-die-verbesserung-der-welt-teil-2","article","21.01.2020","2020","Wegwefgesellschaft","Die Verbesserung der Berichterstattung Ã¼ber die Verbesserung der Welt","https://www.republik.ch/2020/01/21/die-verbesserung-der-berichterstattung-ueber-die-verbesserung-der-welt-teil-2","Beitrag","mjk","nur mÃ¤nnlich","Ja","Expertin, Auskunftsperson","Nein","1","1","0","0","","","","","","","","","","","","",""
"republik/format-auf-langer-sicht","republik/article-wie-sich-unsere-essgewohnheiten-veraendern","article","20.01.2020","2020","Auf lange Sicht","Im Trend: Flexitarier","https://www.republik.ch/2020/01/20/im-trend-flexitarier","Beitrag","jonas","nur weiblich","Ja","Expertin, Auskunftsperson","Nein","2","2","0","0","","","","","","","","","","","","",""
"republik/format-wegwefgesellschaft","republik/article-ameise-die-verbesserung-der-berichterstattung-ueber-die-verbesserung-der-welt-teil-1","article","20.01.2020","2020","Wegwefgesellschaft","Die Verbesserung der Berichterstattung Ã¼ber die Verbesserung der Welt","https://www.republik.ch/2020/01/20/die-verbesserung-der-berichterstattung-ueber-die-verbesserung-der-welt-teil-1","Beitrag","oku","nur mÃ¤nnlich","Nein","","Nein","0","0","1","0","","","","","","","","","","","","",""
"republik/format-aus-der-arena","republik/article-svp-praesidium","article","20.01.2020","2020","Aus der Arena","Wir hÃ¤tten da einen Job fÃ¼r SieÂ â€“ doch es gibt noch ein kleines Problem","https://www.republik.ch/2020/01/20/wir-haetten-da-einen-job-fuer-sie-doch-es-gibt-noch-ein-kleines-problem","Beitrag","pae","nur weiblich","Ja","Betroffene, Protagonistin","Ja","0","0","14","5","","","","","","","","","","","","",""
"","republik/dossier-klimawandel","dossier","18.01.2020","2020","","Dossier: Klimakrise","https://www.republik.ch/dossier/klimakrise","Beitrag","olivier","unbestimmt","Nein","","Nein","0","0","0","0","","","","","","","","","","","","",""
"republik/format-binswanger","republik/article-die-menschenfuehrung-der-nazis","article","18.01.2020","2020","Binswanger","Vom Nazi-General zum Management-Guru","https://www.republik.ch/2020/01/18/vom-nazi-general-zum-management-guru","Beitrag","patte","nur mÃ¤nnlich","Nein","","Nein","1","0","3","0","","","","","","","","","","","","",""
"republik/format-fotokolumne","republik/article-fotokolumne-fr-teil-2","article","18.01.2020","2020","Ansichten aus Afrika","Â«Man muss der Welt als schwarzer Mensch immer die beste Version seiner selbst prÃ¤sentierenÂ»","https://www.republik.ch/2020/01/18/man-muss-der-welt-als-schwarzer-mensch-immer-die-beste-version-seiner-selbst-praesentieren","Beitrag","philipp","nur weiblich","Ja","Betroffene, Protagonistin","Ja","0","0","1","3","","","","","","","","","","","","",""
"","republik/article-dann-nennt-mich-halt-puffmutter","article","18.01.2020","2020","","Â«Sexworker sind selbststÃ¤ndige, kluge Frauen, die genau wissen, was sie tunÂ»","https://www.republik.ch/2020/01/18/sexworker-sind-selbstaendige-kluge-frauen-die-genau-wissen-was-sie-tun","Beitrag","ronja","nur weiblich","Ja","Betroffene, Protagonistin","Ja","0","0","3","3","","","","","","","","","","","","",""
"","republik/article-das-perfekte-bordell","article","17.01.2020","2020","","Das perfekte Bordell","https://www.republik.ch/2020/01/17/das-perfekte-bordell","Beitrag","danig","nur weiblich","Ja","beides","Ja","2","7","0","1","","","","","","","","","","","","",""
"republik/format-was-diese-woche-wichtig-war","republik/article-wdwww-17-01","article","17.01.2020","2020","Was diese Woche wichtig war","Russische Stafette, Phase zwei im ImpeachmentÂ â€“ und Freispruch fÃ¼r Klimaaktivisten","https://www.republik.ch/2020/01/17/russische-stafette-phase-zwei-im-impeachment-und-freispruch-fuer-klimaaktivisten","Beitrag","jonas","beides","Ja","Betroffene, Protagonistin","Nein","18","3","0","0","","","","","","","","","","","","",""
"","republik/format-wegwefgesellschaft","format","17.01.2020","2020","","Wegwefgesellschaft","https://www.republik.ch/format/wegwefgesellschaft","Beitrag","kath","nur mÃ¤nnlich","Ja","Betroffene, Protagonistin","Nein","1","0","3","1","","","","","","","","","","","","",""
"republik/format-aus-der-redaktion","republik/article-podcast-zu-das-perfekte-bordell","article","17.01.2020","2020","Aus der Redaktion","Podcast: Warum wir Â«das perfekte BordellÂ» entworfen haben","https://www.republik.ch/2020/01/17/podcast-warum-wir-das-perfekte-bordell-entworfen-haben","Beitrag","mjk","nur weiblich","Ja","Expertin, Auskunftsperson","Ja","0","1","0","0","","","","","","","","","","","","",""
"republik/format-briefing-aus-bern","republik/article-briefing-aus-bern-woche-3","article","16.01.2020","2020","Briefing aus Bern","Die SVP sucht einen neuen Chef, SP-Referendum gegen KinderÂ­abzÃ¼ge â€“ und eine Reise zurÃ¼ck in die Zukunft","https://www.republik.ch/2020/01/16/svp-sucht-neuen-chef-kinder-abzuege-kommen-vors-volk-und-eine-reise-zurueck-in-die-zukunft","Beitrag","oku","beides","Ja","beides","Nein","2","2","5","3","","","","","","","","","","","","",""
"republik/format-update","republik/article-fall-globegarden-die-ersten-politischen-konsequenzen","article","16.01.2020","2020","Update","Fall Globegarden: Die ersten Konsequenzen","https://www.republik.ch/2020/01/16/fall-globegarden-die-ersten-konsequenzen","Beitrag","pae","beides","Ja","Betroffene, Protagonistin","Ja","0","0","1","6","","","","","","","","","","","","",""
"republik/format-echo","republik/article-echo-5","article","16.01.2020","2020","Echo","DÃ¼rrenmatt fÃ¼r Hipster, selbstbesoffener Journalismus â€“ und ein Entscheid des Presserats","https://www.republik.ch/2020/01/16/duerrenmatt-fuer-hipster-selbstbesoffener-journalismus-und-ein-entscheid-des-presserats","Beitrag","philipp","unbestimmt","Ja","beides","Nein","4","1","1","1","Beantwortung von c) unsicher","","","","","","","","","","","",""
"","republik/article-fleur","article","16.01.2020","2020","","Die Geheimnisse der Hermes Ambassador","https://www.republik.ch/2020/01/16/die-geheimnisse-der-hermes-ambassador","Beitrag","ronja","nur weiblich","Ja","Betroffene, Protagonistin","Ja","0","0","9","4","","","","","","","","","","","","",""
"republik/format-am-gericht","republik/article-konzernhaftung","article","15.01.2020","2020","Am Gericht","Vom Versuch, einen Konzern juristisch zur Verantwortung zu ziehen","https://www.republik.ch/2020/01/15/vom-versuch-einen-konzern-juristisch-zur-verantwortung-zu-ziehen","Beitrag","olivier","nur weiblich","Ja","Betroffene, Protagonistin","Nein","2","0","2","1","","","","","","","","","","","","",""
"","republik/article-luisa-neubauer","article","15.01.2020","2020","","Â«Die Klimakrise wird sich nicht nur zwischen Arm und Reich, sondern vor allem auch zwischen Frau und Mann entladenÂ»","https://www.republik.ch/2020/01/15/die-klimakrise-wird-sich-nicht-nur-zwischen-arm-und-reich-sondern-vor-allem-auch-zwischen-frau-und-mann-entladen","Beitrag","patte","nur mÃ¤nnlich","Ja","Expertin, Auskunftsperson","Ja","0","2","4","0","","","","","","","","","","","","",""
"republik/format-gedankensplitter","republik/article-enthuellung","article","14.01.2020","2020","Strassberg","Exklusiv enthÃ¼llt: Die Wahrheit Ã¼ber das Entlarven","https://www.republik.ch/2020/01/14/exklusiv-enthuellt-die-wahrheit-ueber-das-entlarven","Beitrag","danig","nur mÃ¤nnlich","Nein","","Nein","5","0","0","0","","","","","","","","","","","","",""
"republik/format-happening","republik/article-pulp-fiction-fuer-libertaere","article","14.01.2020","2020","Happening","Pulp Fiction fÃ¼r LibertÃ¤re","https://www.republik.ch/2020/01/14/pulp-fiction-fuer-libertaere","Beitrag","jonas","nur mÃ¤nnlich","Ja","Betroffene, Protagonistin","Ja","0","0","14","7","","","","","","","","","","","","",""
"","republik/article-propaganda","article","14.01.2020","2020","","Der zerplatzte PropagandaÂ­traum","https://www.republik.ch/2020/01/14/irans-zerplatzter-propaganda-traum","Beitrag","kath","nur weiblich","Ja","Betroffene, Protagonistin","Nein","1","0","7","1","","","","","","","","","","","","",""
"","republik/article-klimagame-interview","article","14.01.2020","2020","","Â«Wir fokussieren beim Klimaschutz oft zu sehr auf DetailsÂ»","https://www.republik.ch/2020/01/14/wir-fokussieren-beim-klimaschutz-oft-zu-sehr-auf-details","Beitrag","mjk","nur mÃ¤nnlich","Nein","","Nein","1","0","0","0","","","","","","","","","","","","",""
"republik/format-auf-langer-sicht","republik/article-australien-brennt-was-ist-das-besondere-daran","article","13.01.2020","2020","Auf lange Sicht","Australien brennt â€“ was hat das mit dem Klimawandel zu tun?","https://www.republik.ch/2020/01/13/australien-brennt-was-ist-das-besondere-daran","Beitrag","oku","nur weiblich","Nein","","Nein","2","0","0","0","","","","","","","","","","","","",""
"","republik/article-replik-baerfuss","article","13.01.2020","2020","","Â«Lieber LukasÂ â€¦Â»","https://www.republik.ch/2020/01/13/lieber-lukas","Beitrag","pae","nur mÃ¤nnlich","Nein","","Nein","0","0","6","0","","","","","","","","","","","","",""
"republik/format-aus-der-arena","republik/article-rassistische-diskrimminierung-von-links","article","13.01.2020","2020","Aus der Arena","Die ZÃ¼rcher Linke und der taktische Rassismus","https://www.republik.ch/2020/01/13/rassismus-von-links","Beitrag","ronja","nur weiblich","Ja","Expertin, Auskunftsperson","Nein","0","2","0","0","","","","","","","","","","","","",""
"republik/format-nahr","republik/article-minkebe-gabon","article","25.05.2019","2019","Unterwegs mit Nahr","MinkÃ©bÃ©, Gabun","https://www.republik.ch/2019/05/25/minkebe-gabun","Beitrag","kath","","","","","","","","","Video","","","","","","","","","","","",""
"","republik/article-govinda-an-ihrer-seite","article","25.05.2019","2019","","Mindestens in drei Welten","https://www.republik.ch/2019/05/25/mindestens-in-drei-welten","Beitrag","olivier","nur mÃ¤nnlich","Ja","beides","Ja","0","1","5","5","","","","","","","","","","","","",""
"","republik/article-rumaenien","article","25.05.2019","2019","","Â«CafÃ© EuropaÂ», Folge 5: Unter Freunden","https://www.republik.ch/2019/05/25/unter-freunden","Beitrag","patte","nur weiblich","Ja","Betroffene, Protagonistin","Nein","3","1","6","3","","","","","","","","","","","","",""
"republik/format-binswanger","republik/article-fortschritt-in-europa","article","25.05.2019","2019","Binswanger","Der Deal fÃ¼r den Fortschritt","https://www.republik.ch/2019/05/25/der-deal-fuer-den-fortschritt","Beitrag","philipp","nur mÃ¤nnlich","Ja","Betroffene, Protagonistin","Nein","1","0","6","4","","","","","","","","","","","","",""
"","republik/article-piraten","article","24.05.2019","2019","","Die anstÃ¤ndigen Piraten von Prag","https://www.republik.ch/2019/05/24/die-anstaendigen-piraten-von-prag","Beitrag","danig","nur mÃ¤nnlich","Ja","Betroffene, Protagonistin","Ja","1","0","10","2","","","","","","","","","","","","",""
"republik/format-theater","republik/article-tt19","article","24.05.2019","2019","Theater","QuotenstÃ¼cke","https://www.republik.ch/2019/05/24/quotenstuecke","Beitrag","jonas","nur weiblich","Ja","beides","Ja","2","3","3","3","","","","","","","","","","","","",""
"republik/format-was-diese-woche-wichtig-war","republik/article-wdwww-2405","article","24.05.2019","2019","Was diese Woche wichtig war","Staatskrise in Ã–sterreich, Huawei angezÃ¤hlt â€“ und die Â«ZerstÃ¶rungÂ» der CDU","https://www.republik.ch/2019/05/24/staatskrise-in-oesterreich-huawei-angezaehlt-und-die-zerstoerung-der-cdu","Beitrag","mjk","nur weiblich","Ja","Expertin, Auskunftsperson","Ja","9","3","5","1","","","","","","","","","","","","",""
"","republik/article-oe","article","23.05.2019","2019","","Endlich wieder abseits","https://www.republik.ch/2019/05/23/oesterreichs-blaues-opferfest","Beitrag","pae","nur weiblich","Ja","Expertin, Auskunftsperson","Ja","2","1","7","0","","","","","","","","","","","","",""
"republik/format-preis-der-republik","republik/article-bs","article","23.05.2019","2019","Preis der Republik","Basler RÃ¤dchendreher","https://www.republik.ch/2019/05/23/basler-raedchendreher","Beitrag","philipp","unbestimmt","Ja","Expertin, Auskunftsperson","Ja","0","1","0","0","","","","","","","","","","","","",""
"republik/format-briefing-aus-bern","republik/article-briefing-58","article","23.05.2019","2019","Briefing aus Bern","Junge Ideen fÃ¼r die Altersvorsorge, sexuelle Ãœbergriffe â€“ und drei starke Frauen","https://www.republik.ch/2019/05/23/junge-ideen-fuer-die-altersvorsorge-sexuelle-uebergriffe-und-drei-starke-frauen","Beitrag","ronja","beides","Ja","beides","Nein","1","1","6","4","","","","","","","","","","","","",""
"","republik/article-geliebte-psychopathin","article","22.05.2019","2019","","Geliebte Psychobitch","https://www.republik.ch/2019/05/22/geliebte-psychobitch","Beitrag","danig","nur weiblich","Ja","beides","Ja","1","1","0","5","","","","","","","","","","","","",""
"","republik/article-friede-freude-ki-richtlinien","article","22.05.2019","2019","","Alles nur Fake Ethik","https://www.republik.ch/2019/05/22/alles-nur-fake-ethik","Beitrag","kath","beides","Ja","Expertin, Auskunftsperson","Nein","8","3","2","0","","","","","","","","","","","","",""
"republik/format-aus-der-arena","republik/article-geht-ein-schweizer-nach-ibiza-wip","article","22.05.2019","2019","Aus der Arena","FÃ¤hrt ein Schweizer nach Ibiza","https://www.republik.ch/2019/05/22/faehrt-ein-schweizer-nach-ibiza","Beitrag","mjk","nur mÃ¤nnlich","Ja","Betroffene, Protagonistin","Nein","0","0","15","4","","","","","","","","","","","","",""
"republik/format-am-gericht","republik/article-swissmedic","article","22.05.2019","2019","Am Gericht","MÃ¤rchenÂ­prinzen und globaler PharmaÂ­handel","https://www.republik.ch/2019/05/22/maerchen-prinzen-und-globaler-pharma-handel","Beitrag","olivier","nur mÃ¤nnlich","Nein","","Nein","0","0","2","0","","","","","","","","","","","","",""
"","republik/article-auftakt-cafe-europa","article","22.05.2019","2019","","CafÃ© Europa","https://www.republik.ch/2019/05/22/cafe-europa-auftakt","Beitrag","patte","beides","Ja","Expertin, Auskunftsperson","Ja","1","1","0","0","","","","","","","","","","","","",""
"","republik/article-halbherzige-fahnenflucht","article","21.05.2019","2019","","Â«CafÃ© EuropaÂ», Folge 4: Wie ein FÃ¤hnchen im Wind","https://www.republik.ch/2019/05/21/wie-ein-faehnchen-im-wind","Beitrag","jonas","nur mÃ¤nnlich","Ja","Betroffene, Protagonistin","Nein","1","0","3","2","","","","","","","","","","","","",""
"","republik/article-holliger-80","article","21.05.2019","2019","","Musizieren mit radikaler Leidenschaft","https://www.republik.ch/2019/05/21/musizieren-mit-radikaler-leidenschaft","Beitrag","oku","nur mÃ¤nnlich","Ja","beides","Ja","5","3","18","1","","","","","","","","","","","","",""
"republik/format-bergs-nerds","republik/article-14-nerds-retten-die-welt","article","21.05.2019","2019","Sibylle Berg","Nerds retten die Welt","https://www.republik.ch/2019/05/21/nerds-retten-die-welt","Beitrag","pae","nur weiblich","Ja","Expertin, Auskunftsperson","Ja","1","2","1","0","","","","","","","","","","","","",""
"republik/format-aus-der-arena","republik/article-ameise-fake-news-im-osten","article","20.05.2019","2019","Aus der Arena","Fake News im Osten â€“ welche Fake News?","https://www.republik.ch/2019/05/20/fake-news-im-osten-welche-fake-news","Beitrag","olivier","nur mÃ¤nnlich","Ja","Betroffene, Protagonistin","Nein","5","0","0","1","","","","","","","","","","","","",""
"republik/format-auf-langer-sicht","republik/article-staenderatswahlen","article","20.05.2019","2019","Auf lange Sicht","Die stabile Kammer","https://www.republik.ch/2019/05/20/die-stabile-kammer","Beitrag","patte","nur mÃ¤nnlich","Ja","Betroffene, Protagonistin","Nein","0","0","24","19","Auflistung am Schluss weggelassen","","","","","","","","","","","",""
"","republik/article-inti-emcke","article","20.05.2019","2019","","Â«Ich habe an diesem Abend alles falsch gemacht, was man falsch machen kannÂ»","https://www.republik.ch/2019/05/20/ich-habe-an-diesem-abend-alles-falsch-gemacht","Beitrag","philipp","nur mÃ¤nnlich","Ja","beides","Ja","1","1","1","2","","","","","","","","","","","","",""
"","republik/article-die-entbloesste-nation","article","20.05.2019","2019","","Die entblÃ¶sste Nation","https://www.republik.ch/2019/05/20/die-entbloesste-nation","Beitrag","ronja","nur weiblich","Ja","beides","Nein","0","1","6","2","","","","","","","","","","","","",""
"republik/format-binswanger","republik/article-da-vinci-code-redux","article","18.05.2019","2019","Binswanger","Kundenfang am rechten Rand","https://www.republik.ch/2019/05/18/kundenfang-am-rechten-rand","Beitrag","danig","nur mÃ¤nnlich","Nein","","Nein","0","0","6","0","","","","","","","","","","","","",""
"republik/format-nahr","republik/article-mahajanga-madagaskar","article","18.05.2019","2019","Unterwegs mit Nahr","Antananarivo, Madagaskar","https://www.republik.ch/2019/05/18/antananarivo-madagaskar","Beitrag","jonas","","","","","","","","","Video","","","","","","","","","","","",""
"","republik/article-am-ende-der-rebellion","article","18.05.2019","2019","","Am Ende der Rebellion","https://www.republik.ch/2019/05/18/am-ende-der-rebellion","Beitrag","kath","nur mÃ¤nnlich","Ja","Betroffene, Protagonistin","Nein","5","0","9","6","","","","","","","","","","","","",""
"republik/format-theater","republik/article-shz-finale","article","18.05.2019","2019","Theater","Leben, lieben und sterben im Zwischenreich","https://www.republik.ch/2019/05/18/leben-lieben-und-sterben-im-zwischenreich","Beitrag","mjk","nur weiblich","Ja","Expertin, Auskunftsperson","Ja","0","0","19","11","","","","","","","","","","","","",""
"","republik/article-bauch-first-brain-second","article","17.05.2019","2019","","Bauch first, Brain second","https://www.republik.ch/2019/05/17/bauch-first-brain-second","Beitrag","pae","nur mÃ¤nnlich","Ja","Expertin, Auskunftsperson","Ja","8","2","0","0","","","","","","","","","","","","",""
"republik/format-klang","republik/article-spiele-die-beklemmen-koennen","article","17.05.2019","2019","Klang","Spiele, die beklemmen kÃ¶nnen","https://www.republik.ch/2019/05/17/spiele-die-beklemmen-koennen","Beitrag","patte","nur mÃ¤nnlich","Ja","Betroffene, Protagonistin","Nein","1","0","8","1","","","","","","","","","","","","",""
"republik/format-was-diese-woche-wichtig-war","republik/article-wdwww-1705","article","17.05.2019","2019","Was diese Woche wichtig war","Dritter Golfkrieg droht, Handelskrieg eskaliert â€“ und ist Whatsapp sicher?","https://www.republik.ch/2019/05/17/dritter-golfkrieg-droht-handelskrieg-eskaliert-und-ist-whatsapp-sicher","Beitrag","philipp","beides","Nein","","Nein","3","0","3","0","","","","","","","","","","","","",""
"","republik/article-zagreb","article","17.05.2019","2019","","Â«CafÃ© EuropaÂ», Folge 3: Wo die wilden Kerle nicht mehr wohnen","https://www.republik.ch/2019/05/17/wo-die-wilden-kerle-nicht-mehr-wohnen","Beitrag","ronja","nur weiblich","Ja","Betroffene, Protagonistin","Ja","0","0","8","3","","","","","","","","","","","","",""
"republik/format-preis-der-republik","republik/article-es-war-der-gaertner","article","16.05.2019","2019","Preis der Republik","Schwarzseher mit grÃ¼nem Daumen","https://www.republik.ch/2019/05/16/schwarzseher-mit-gruenem-daumen","Beitrag","kath","unbestimmt","Ja","Betroffene, Protagonistin","Nein","0","0","9","1","","","","","","","","","","","","",""
"republik/format-briefing-aus-bern","republik/article-briefing-57","article","16.05.2019","2019","Briefing aus Bern","Zitternder Bundesanwalt, unzimperliche RechtsextremeÂ â€“ und Politik fÃ¼r die Ewigkeit","https://www.republik.ch/2019/05/16/zitternder-bundes-anwalt-unzimperliche-rechtsextreme-und-politik-fuer-die-ewigkeit","Beitrag","olivier","beides","Ja","Betroffene, Protagonistin","Nein","2","0","6","1","","","","","","","","","","","","",""
"","republik/article-snap","article","15.05.2019","2019","","Â«Das macht mir AngstÂ»","https://www.republik.ch/2019/05/15/in-diesen-wahlen-haben-wir-eine-trollfabrik-geleitet","Beitrag","danig","nur weiblich","Ja","Betroffene, Protagonistin","Nein","5","0","5","1","","","","","","","","","","","","",""
"republik/format-aus-der-redaktion","republik/article-audio-podcast-zuendstoff","article","15.05.2019","2019","Aus der Redaktion","Â«Das Ende ist noch offen, das ist noch nicht vorbeiÂ»","https://www.republik.ch/2019/05/15/das-ende-ist-noch-offen-das-ist-noch-nicht-vorbei","Beitrag","jonas","","","","","","","","","Podcast","","","","","","","","","","","",""
"republik/format-am-gericht","republik/article-mehr-zuendstoff","article","15.05.2019","2019","Am Gericht","Noch mehr ZÃ¼ndstoff","https://www.republik.ch/2019/05/15/noch-mehr-zuendstoff","Beitrag","mjk","nur weiblich","Ja","Betroffene, Protagonistin","Nein","0","0","6","3","","","","","","","","","","","","",""
"","republik/article-schlechte-arbeit-ist-nicht-strafbar","article","15.05.2019","2019","","Fall Villiger: Schlechte Arbeit ist nicht strafbar","https://www.republik.ch/2019/05/15/fall-villiger-schlechte-arbeit-ist-nicht-strafbar","Beitrag","oku","nur mÃ¤nnlich","Ja","Betroffene, Protagonistin","Ja","5","0","1","1","","","","","","","","","","","","",""
"","republik/article-das-ende-der-arbeit-und-ihr-neuanfang","article","15.05.2019","2019","","Â«CafÃ© EuropaÂ», Folge 2: Am Ende der Nahrungskette","https://www.republik.ch/2019/05/15/am-ende-der-nahrungskette","Beitrag","pae","nur mÃ¤nnlich","Ja","beides","Ja","3","2","4","4","","","","","","","","","","","","",""
"","republik/article-der-herzschlag-der-peripherie","article","15.05.2019","2019","","Der Herzschlag der Peripherie","https://www.republik.ch/2019/05/15/der-herzschlag-der-peripherie","Beitrag","ronja","nur weiblich","Ja","Betroffene, Protagonistin","Nein","0","0","6","2","","","","","","","","","","","","",""
"republik/format-gedankensplitter","republik/article-politik-ohne-zukunft","article","14.05.2019","2019","Strassberg","Politik ohne Zukunft","https://www.republik.ch/2019/05/14/politik-ohne-zukunft","Beitrag","olivier","nur mÃ¤nnlich","Ja","Betroffene, Protagonistin","Nein","0","0","3","1","","","","","","","","","","","","",""
"","republik/article-irgendein-titel","article","14.05.2019","2019","","Das SBB-Trickli","https://www.republik.ch/2019/05/14/das-sbb-trickli","Beitrag","patte","nur mÃ¤nnlich","Nein","","Nein","4","0","0","0","","","","","","","","","","","","",""
"","republik/article-x","article","14.05.2019","2019","","Â«CafÃ© EuropaÂ», Folge 1: Die Rettung vor der GefÃ¼hlsduselei","https://www.republik.ch/2019/05/14/cafe-europa-wien","Beitrag","philipp","nur weiblich","Ja","Betroffene, Protagonistin","Ja","0","0","6","6","","","","","","","","","","","","",""
"republik/format-theorie-praxis","republik/article-afrika-erfindet-sich-seine-zukunft","article","13.05.2019","2019","Theorie & Praxis","Gegen die Kolonie im Kopf","https://www.republik.ch/2019/05/13/gegen-die-kolonie-im-kopf","Beitrag","danig","nur weiblich","Ja","Expertin, Auskunftsperson","Nein","7","1","3","1","","","","","","","","","","","","",""
"republik/format-auf-langer-sicht","republik/article-europaeische-parteienlandschaft","article","13.05.2019","2019","Auf lange Sicht","Die europÃ¤ischen Parteien im Zeitraffer","https://www.republik.ch/2019/05/13/die-europaeischen-parteien-im-zeitraffer","Beitrag","kath","nur mÃ¤nnlich","Nein","","Nein","1","0","2","0","","","","","","","","","","","","",""
"republik/format-aus-der-arena","republik/article-ameise-basel","article","13.05.2019","2019","Aus der Arena","Wenn Basler ungemÃ¼tlich werden","https://www.republik.ch/2019/05/13/wenn-basler-ungemuetlich-werden","Beitrag","mjk","nur weiblich","Ja","Betroffene, Protagonistin","Nein","1","0","2","2","","","","","","","","","","","","",""
"republik/format-das-leben-spielt","republik/article-maessigt-euch-doch","article","26.01.2019","2019","Das Leben spielt","Darfs ein bisschen weniger Gewalt sein?","https://www.republik.ch/2019/01/26/darfs-ein-bisschen-weniger-gewalt-sein","Beitrag","kath","nur weiblich","Nein","","Nein","0","0","0","0","","","","","","","","","","","","",""
"republik/format-nahr","republik/article-berlin-deutschland2","article","26.01.2019","2019","Unterwegs mit Nahr","Berlin, Deutschland","https://www.republik.ch/2019/01/26/berlin-deutschland","Beitrag","olivier","","","","","","","","","Video","","","","","","","","","","","",""
"","republik/article-friedhof","article","26.01.2019","2019","","Â«Still gingst du. Gut warst duÂ»","https://www.republik.ch/2019/01/26/still-gingst-du-gut-warst-du","Beitrag","patte","nur mÃ¤nnlich","Ja","Betroffene, Protagonistin","Nein","2","0","13","4","hÃ¶ret mol uf so viel scheiss z'schriibe eyyy!","","","","","","","","","","","",""
"republik/format-binswanger","republik/article-potentaten-in-davos","article","26.01.2019","2019","Binswanger","Potentaten in Davos","https://www.republik.ch/2019/01/26/potentaten-in-davos","Beitrag","philipp","nur mÃ¤nnlich","Ja","Expertin, Auskunftsperson","Ja","0","1","5","1","","","","","","","","","","","","",""
"republik/format-alles-was-recht-ist","republik/article-basler-justiz","article","25.01.2019","2019","Alles, was Recht ist","Basler Randale: Fette Strafen, magere Beweise","https://www.republik.ch/2019/01/25/basler-randale-fette-strafen-magere-beweise","Beitrag","danig","nur mÃ¤nnlich","Ja","Betroffene, Protagonistin","Ja","5","0","2","1","Protagonist_innen sind 15 angeklagte Frauen und MÃ¤nner; nur bei den 3 Freigesprochenen geht die Anzahl aus dem Text hervor","","","","","","","","","","","",""
"republik/format-was-diese-woche-wichtig-war","republik/article-wdwww-4-19","article","25.01.2019","2019","Was diese Woche wichtig war","Terror in Nordirland, Proteste in Venezuela, Symbolpolitik in Hongkong","https://www.republik.ch/2019/01/25/terror-in-nordirland-proteste-in-venezuela-symbolpolitik-in-hongkong","Beitrag","jonas","nur mÃ¤nnlich","Ja","Betroffene, Protagonistin","Nein","16","2","0","0","","","","","","","","","","","","",""
"","republik/article-mord-in-danzig","article","25.01.2019","2019","","GdaÅ„sk, Sound of Violence","https://www.republik.ch/2019/01/25/gda-sk-sound-of-violence","Beitrag","mjk","nur weiblich","Ja","Betroffene, Protagonistin","Ja","0","0","22","12","","","","","","","","","","","","",""
"republik/format-fotobuch","republik/article-fotobuch-anderson","article","25.01.2019","2019","Fotobuch","Der Mond Ã¼ber Shenzhen","https://www.republik.ch/2019/01/25/der-mond-ueber-shenzhen","Beitrag","oku","nur weiblich","Nein","","Nein","0","0","1","0","","","","","","","","","","","","",""
"","republik/article-an-der-bar-mit-damir-skenderovic","article","24.01.2019","2019","","Â«An der BarÂ» mit Damir Skenderovic","https://www.republik.ch/2019/01/24/an-der-bar-mit-damir-skenderovic","Beitrag","pae","","","","","","","","","Video","","","","","","","","","","","",""
"republik/format-preis-der-republik","republik/article-preis-kirche-rickli","article","24.01.2019","2019","Preis der Republik","Es wird in Richtung Chur gebetet","https://www.republik.ch/2019/01/24/es-wird-in-richtung-chur-gebetet","Beitrag","philipp","unbestimmt","Ja","Betroffene, Protagonistin","Ja","1","0","1","6","","","","","","","","","","","","",""
"republik/format-briefing-aus-bern","republik/article-briefing-bern-41","article","24.01.2019","2019","Briefing aus Bern","Klimaschutz, Heimatschutz, Rahmenabkommen â€“ und der Kandidat der Woche","https://www.republik.ch/2019/01/24/klimaschutz-heimatschutz-rahmenabkommen-und-der-kandidat-der-woche","Beitrag","ronja","beides","Ja","Betroffene, Protagonistin","Nein","1","0","1","2","","","","","","","","","","","","",""
"republik/format-was-kommt","republik/article-historiker-damir-skenderovic-an-der-bar","article","23.01.2019","2019","Was kommt","Historiker Damir Skenderovic Â«An der BarÂ»","https://www.republik.ch/2019/01/23/historiker-damir-skenderovic-an-der-bar","Beitrag","danig","","","","","","","","","Video","","","","","","","","","","","",""
"republik/format-theater","republik/article-moewe","article","23.01.2019","2019","Theater","Das Leben stellt der Kunst ein Bein","https://www.republik.ch/2019/01/23/das-leben-stellt-der-kunst-ein-bein","Beitrag","kath","nur weiblich","Ja","Betroffene, Protagonistin","Ja","1","0","6","2","","","","","","","","","","","","",""
"republik/format-am-gericht","republik/article-widerruf","article","23.01.2019","2019","Am Gericht","Widerruf!","https://www.republik.ch/2019/01/23/widerruf","Beitrag","olivier","nur weiblich","Ja","Betroffene, Protagonistin","Nein","0","0","1","1","","","","","","","","","","","","",""
"","republik/article-versteinerte-strukturen","article","23.01.2019","2019","","Der blockierte Riese","https://www.republik.ch/2019/01/23/der-blockierte-riese","Beitrag","patte","nur mÃ¤nnlich","Ja","Betroffene, Protagonistin","Nein","0","0","13","6","","","","","","","","","","","","",""
"republik/format-sehfeld","republik/article-die-zersplitterung-der-bilder","article","22.01.2019","2019","Sehfeld","Die Zersplitterung der Bilder","https://www.republik.ch/2019/01/22/die-zersplitterung-der-bilder","Beitrag","jonas","nur mÃ¤nnlich","Nein","","Nein","0","0","2","0","","","","","","","","","","","","",""
"","republik/article-das-vakuum-von-davos","article","22.01.2019","2019","","Das Vakuum von Davos","https://www.republik.ch/2019/01/22/das-vakuum-von-davos","Beitrag","mjk","nur mÃ¤nnlich","Ja","Betroffene, Protagonistin","Nein","0","0","11","2","","","","","","","","","","","","",""
"","republik/article-letzte-fragen-mensch-und-hund","article","22.01.2019","2019","","Mensch und Hund","https://www.republik.ch/2019/01/22/mensch-und-hund","Beitrag","pae","nur mÃ¤nnlich","Nein","","Nein","1","0","1","0","","","","","","","","","","","","",""
"republik/format-am-wegesrand","republik/article-ameise","article","22.01.2019","2019","Am Wegesrand","Erholung im Spukschloss","https://www.republik.ch/2019/01/22/erholung-im-spukschloss","Beitrag","ronja","nur mÃ¤nnlich","Nein","","Nein","0","0","1","0","","","","","","","","","","","","",""
"","republik/article-traeumt-weiter","article","21.01.2019","2019","","TrÃ¤umen Sie!","https://www.republik.ch/2019/01/21/traeumen-sie","Beitrag","patte","nur mÃ¤nnlich","Ja","Betroffene, Protagonistin","Nein","0","0","11","2","","","","","","","","","","","","",""
"republik/format-auf-langer-sicht","republik/article-der-winter-kommt","article","21.01.2019","2019","Auf lange Sicht","Der Winter kommt","https://www.republik.ch/2019/01/21/der-winter-kommt","Beitrag","philipp","nur mÃ¤nnlich","Nein","","Nein","3","0","0","0","","","","","","","","","","","","",""
"republik/format-nahr","republik/article-hamburg-deutschland","article","19.01.2019","2019","Unterwegs mit Nahr","Hamburg, Deutschland","https://www.republik.ch/2019/01/19/hamburg-deutschland","Beitrag","danig","","","","","","","","","Video","","","","","","","","","","","",""
"","republik/article-hoert-auf-mit-euren-geschichten","article","19.01.2019","2019","","HÃ¶rt auf mit euren Geschichten!","https://www.republik.ch/2019/01/19/hoert-auf-mit-euren-geschichten","Beitrag","kath","nur mÃ¤nnlich","Ja","Betroffene, Protagonistin","Nein","9","0","1","2","","","","","","","","","","","","",""
"republik/format-binswanger","republik/article-die-grosse-blockade","article","19.01.2019","2019","Binswanger","Die grosse Blockade","https://www.republik.ch/2019/01/19/die-grosse-blockade","Beitrag","olivier","nur mÃ¤nnlich","Ja","Betroffene, Protagonistin","Nein","1","0","1","1","","","","","","","","","","","","",""
"republik/format-was-diese-woche-wichtig-war","republik/article-woche-3","article","18.01.2019","2019","Was diese Woche wichtig war","May vor ScherbenÂ­haufen, AfD unter BeobachtungÂ â€“ und ein Rekord-Ei","https://www.republik.ch/2019/01/18/may-vor-scherben-haufen-afd-unter-beobachtung-und-ein-rekord-ei","Beitrag","jonas","nur mÃ¤nnlich","Ja","beides","Nein","16","3","0","0","","","","","","","","","","","","",""
"","republik/article-uiguren","article","18.01.2019","2019","","Wie China ein ganzes Volk umerziehen will","https://www.republik.ch/2019/01/18/wie-china-ein-ganzes-volk-umerziehen-will","Beitrag","mjk","nur mÃ¤nnlich","Ja","Betroffene, Protagonistin","Nein","2","0","13","1","","","","","","","","","","","","",""
"","republik/article-augen-literatur","article","18.01.2019","2019","","BuchstÃ¤blich verspielt","https://www.republik.ch/2019/01/18/buchstaeblich-verspielt","Beitrag","oku","nur mÃ¤nnlich","Ja","Betroffene, Protagonistin","Ja","0","0","4","3","","","","","","","","","","","","",""
"republik/format-aus-der-arena","republik/article-orcel","article","18.01.2019","2019","Aus der Arena","Der blinde Fleck im UBS-Bonussystem","https://www.republik.ch/2019/01/18/der-blinde-fleck-im-ubs-bonussystem","Beitrag","pae","nur mÃ¤nnlich","Nein","","Nein","1","0","0","0","","","","","","","","","","","","",""
"republik/format-preis-der-republik","republik/article-paul-widmer","article","17.01.2019","2019","Preis der Republik","Wille zur Wirkung","https://www.republik.ch/2019/01/17/wille-zur-wirkung","Beitrag","patte","unbestimmt","Ja","Betroffene, Protagonistin","Nein","0","0","5","1","","","","","","","","","","","","",""
"republik/format-briefing-aus-bern","republik/article-briefing-40","article","17.01.2019","2019","Briefing aus Bern","Ein Ã¼bler Verdacht, bedrohte Sozialhilfe â€“ und GrenzgÃ¤nger","https://www.republik.ch/2019/01/17/ein-uebler-verdacht-bedrohte-sozialhilfe-und-grenzgaenger","Beitrag","philipp","nur weiblich","Nein","","Nein","3","0","1","0","","","","","","","","","","","","",""
"","republik/article-das-system-migros","article","17.01.2019","2019","","Das totale Unternehmen","https://www.republik.ch/2019/01/17/das-systematische-unternehmen","Beitrag","ronja","beides","Ja","Betroffene, Protagonistin","Nein","14","0","4","3","","","","","","","","","","","","",""
"republik/format-theorie-praxis","republik/article-lasst-uns-ueber-shakespeare-reden","article","16.01.2019","2019","Theorie & Praxis","Shakespeares Tyrannen sind wieder im Amt","https://www.republik.ch/2019/01/16/shakespeares-tyrannen-sind-wieder-im-amt","Beitrag","danig","nur weiblich","Ja","Betroffene, Protagonistin","Nein","1","0","5","1","","","","","","","","","","","","",""
"republik/format-am-gericht","republik/article-dialog-mit-einem-kriminaltouristen","article","16.01.2019","2019","Am Gericht","Dialog mit einem KriminalÂ­touristen","https://www.republik.ch/2019/01/16/dialog-mit-einem-kriminal-touristen","Beitrag","kath","nur weiblich","Ja","Betroffene, Protagonistin","Nein","0","0","6","2","","","","","","","","","","","","",""
"republik/format-aus-der-arena","republik/article-oesterreichs","article","16.01.2019","2019","Aus der Arena","Kiffende MusterschÃ¼ler","https://www.republik.ch/2019/01/16/oesterreichs-kiffende-musterschueler","Beitrag","mjk","nur weiblich","Nein","","Nein","0","0","0","0","","","","","","","","","","","","",""
"","republik/article-sascha-ii","article","16.01.2019","2019","","Â«So Leute wie dich!Â»","https://www.republik.ch/2019/01/16/so-leute-wie-dich","Beitrag","olivier","nur weiblich","Ja","beides","Ja","0","1","1","3","","","","","","","","","","","","",""
"","republik/article-eva-karla-teresa-und-oscar-mein-rothaus","article","15.01.2019","2019","","Eva, Karla, Teresa und Oscar: Mein Â«RothausÂ»","https://www.republik.ch/2019/01/15/eva-karla-teresa-und-oscar-mein-rothaus","Beitrag","jonas","nur mÃ¤nnlich","Ja","Betroffene, Protagonistin","Ja","0","0","9","10","","","","","","","","","","","","",""
"","republik/article-der-daten-whistleblower","article","15.01.2019","2019","","Der JÃ¤ger der missbrauchten Daten","https://www.republik.ch/2019/01/15/der-jaeger-der-missbrauchten-daten","Beitrag","pae","nur weiblich","Ja","Expertin, Auskunftsperson","Ja","9","4","0","0","","","","","","","","","","","","",""
"republik/format-aus-der-redaktion","republik/article-wir-feiern-geburtstag","article","15.01.2019","2019","Aus der Redaktion","Wir feiern Geburtstag","https://www.republik.ch/2019/01/15/wir-feiern-geburtstag","Beitrag","patte","unbestimmt","Nein","","Nein","0","0","1","0","","","","","","","","","","","","",""
"republik/format-raumdeutung","republik/article-der-raum-der-melancholie","article","15.01.2019","2019","Raumdeutung","Der Raum der Melancholie","https://www.republik.ch/2019/01/15/der-raum-der-melancholie","Beitrag","philipp","nur mÃ¤nnlich","Ja","Betroffene, Protagonistin","Nein","1","0","2","1","","","","","","","","","","","","",""
"","republik/article-politische-mutlosigkeit-live","article","15.01.2019","2019","","Mutlosigkeit, live aus dem Bundeshaus","https://www.republik.ch/2019/01/15/mutlosigkeit-live-aus-dem-bundeshaus","Beitrag","ronja","nur mÃ¤nnlich","Ja","Betroffene, Protagonistin","Nein","1","0","2","1","","","","","","","","","","","","",""
"","republik/article-eribon-teil-2","article","14.01.2019","2019","","Â«Das ist nicht Neoliberalismus, das ist KlassenkampfÂ»","https://www.republik.ch/2019/01/14/das-ist-nicht-neoliberalismus-das-ist-klassenkampf","Beitrag","danig","nur mÃ¤nnlich","Ja","Expertin, Auskunftsperson","Nein","14","3","0","0","","","","","","","","","","","","",""
"republik/format-auf-langer-sicht","republik/article-claude-neu-charts","article","14.01.2019","2019","Auf lange Sicht","Der Mythos der abgehobenen Politiker","https://www.republik.ch/2019/01/14/der-mythos-der-abgehobenen-politiker","Beitrag","kath","nur mÃ¤nnlich","Nein","","Nein","2","0","2","0","","","","","","","","","","","","",""
"","republik/article-die-gefraessige-genossenschaft","article","14.01.2019","2019","","Die gefrÃ¤ssige Genossenschaft","https://www.republik.ch/2019/01/14/die-gefraessige-genossenschaft","Beitrag","olivier","nur mÃ¤nnlich","Ja","Betroffene, Protagonistin","Nein","1","0","3","1","","","","","","","","","","","","",""
"republik/format-nahr","republik/article-berne-switzerland","article","26.05.2018","2018","Unterwegs mit Nahr","Berne, Switzerland","https://www.republik.ch/2018/05/26/berne-switzerland","Beitrag","jonas","","","","","","","","","Video","","","","","","","","","","","",""
"republik/format-binswanger","republik/article-bitte-keine-hysterie","article","26.05.2018","2018","Binswanger","Bitte keine Hysterie","https://www.republik.ch/2018/05/26/bitte-keine-hysterie","Beitrag","mjk","nur mÃ¤nnlich","Nein","","Nein","0","0","1","1","","","","","","","","","","","","",""
"","republik/article-maerchenstunde-mit-den-vollgeld-initianten","article","25.05.2018","2018","","Die MÃ¤rchen der Vollgeld-Initianten","https://www.republik.ch/2018/05/25/die-maerchen-der-vollgeld-initianten","Beitrag","pae","nur mÃ¤nnlich","Nein","","Nein","0","0","1","0","","","","","","","","","","","","",""
"","republik/article-dsgvo","article","25.05.2018","2018","","Die DSGVO ist da â€“ und jetzt?","https://www.republik.ch/2018/05/25/die-dsgvo-ist-da-und-jetzt","Beitrag","philipp","beides","Nein","","Nein","0","0","0","0","","","","","","","","","","","","",""
"republik/format-was-diese-woche-wichtig-war","republik/article-italien-mit-regierung-venezuela-mit-praesident-schweizer-mit-geld","article","25.05.2018","2018","Was diese Woche wichtig war","Italien mit neuer Regierung, Trump und Kim ohne Gipfel und die Schweiz mit steuerfreiem Geld","https://www.republik.ch/2018/05/25/was-diese-woche-wichtig-war-21","Beitrag","ronja","nur mÃ¤nnlich","Ja","Expertin, Auskunftsperson","Nein","17","1","0","0","","","","","","","","","","","","",""
"","republik/article-deutschland-hintergeht-frankreich","article","24.05.2018","2018","","Deutschland hintergeht Frankreich","https://www.republik.ch/2018/05/24/deutschland-hintergeht-frankreich","Beitrag","olivier","nur mÃ¤nnlich","Ja","beides","Nein","3","1","3","2","","","","","","","","","","","","",""
"republik/format-briefing-aus-bern","republik/article-briefing-13","article","24.05.2018","2018","Briefing aus Bern","Risikodeal im StÃ¤nderat, Cassis streitet mit der Uno â€“ und ein heikler Prozess am Bundesgericht","https://www.republik.ch/2018/05/24/risikodeal-im-staenderat-cassis-streitet-mit-der-uno-und-ein-heikler-prozess-am-bundesgericht","Beitrag","patte","nur mÃ¤nnlich","Nein","","Nein","5","0","0","0","","","","","","","","","","","","",""
"republik/format-am-gericht","republik/article-menschenhandel","article","23.05.2018","2018","Am Gericht","Der ZuhÃ¤lter, der keiner sein will","https://www.republik.ch/2018/05/23/der-zuhaelter-der-keiner-sein-will","Beitrag","danig","nur weiblich","Ja","Betroffene, Protagonistin","Ja","0","0","3","3","","","","","","","","","","","","",""
"","republik/article-interview-herfried-muenkler","article","23.05.2018","2018","","Wer Syrien verstehen will, muss den DreissigjÃ¤hrigen Krieg verstehen","https://www.republik.ch/2018/05/23/wer-syrien-verstehen-will-muss-den-dreissigjaehrigen-krieg-verstehen","Beitrag","kath","nur mÃ¤nnlich","Ja","Betroffene, Protagonistin","Nein","1","0","14","0","","","","","","","","","","","","",""
"republik/format-theater","republik/article-theatertreffen","article","22.05.2018","2018","Theater","Die VolksbÃ¼hne und der Schredder","https://www.republik.ch/2018/05/22/die-volksbuehne-und-der-schredder","Beitrag","jonas","nur weiblich","Ja","Betroffene, Protagonistin","Nein","0","0","32","14","","","","","","","","","","","","",""
"republik/format-follow-the-money","republik/article-follow-the-money","article","22.05.2018","2018","Spuren des Geldes","Erst die Macht, dann die Millionen","https://www.republik.ch/2018/05/22/erst-die-macht-dann-die-millionen","Beitrag","mjk","nur weiblich","Nein","","Nein","1","0","12","0","","","","","","","","","","","","",""
"republik/format-auf-langer-sicht","republik/article-der-lange-schatten-des-osmanischen-reiches","article","21.05.2018","2018","Auf lange Sicht","Der lange Schatten des Osmanischen Reiches","https://www.republik.ch/2018/05/21/der-lange-schatten-des-osmanischen-reichs","Beitrag","pae","nur weiblich","Ja","Expertin, Auskunftsperson","Ja","5","1","0","0","","","","","","","","","","","","",""
"","republik/article-der-platzspitz-von-lissabon","article","21.05.2018","2018","","Portugals radikale Antwort","https://www.republik.ch/2018/05/21/portugals-radikale-antwort","Beitrag","ronja","nur weiblich","Nein","","Nein","2","0","0","0","","","","","","","","","","","","",""
"republik/format-aus-der-redaktion","republik/article-meta-text-zur-dsgvo","article","19.05.2018","2018","Aus der Redaktion","Der neue Datenschutz der Republik â€¦","https://www.republik.ch/2018/05/19/der-neue-datenschutz-der-republik","Beitrag","kath","unbestimmt","Nein","","Nein","0","0","0","0","","","","","","","","","","","","",""
"republik/format-nahr","republik/article-lueneburg-germany","article","19.05.2018","2018","Unterwegs mit Nahr","LÃ¼neburg, Germany","https://www.republik.ch/2018/05/19/lueneburg-germany","Beitrag","olivier","","","","","","","","","Video","","","","","","","","","","","",""
"republik/format-nahr","republik/article-lueneburg-deutschland","article","19.05.2018","2018","Unterwegs mit Nahr","LÃ¼neburg, Deutschland","https://www.republik.ch/2018/05/19/lueneburg-deutschland","Beitrag","patte","","","","","","","","","Video","","","","","","","","","","","",""
"republik/format-binswanger","republik/article-schuld-suehne-und-vollgeld","article","19.05.2018","2018","Binswanger","Schuld, SÃ¼hne und Vollgeld","https://www.republik.ch/2018/05/19/schuld-suehne-und-vollgeld","Beitrag","philipp","nur mÃ¤nnlich","Ja","Expertin, Auskunftsperson","Nein","9","1","0","0","","","","","","","","","","","","",""
"","republik/article-was-ist-bloss-mit-novartis-los","article","18.05.2018","2018","","Warum Novartis bei Trump danebengriff","https://www.republik.ch/2018/05/18/warum-novartis-bei-trump-danebengriff","Beitrag","danig","nur mÃ¤nnlich","Ja","Betroffene, Protagonistin","Nein","0","0","13","3","","","","","","","","","","","","",""
"","republik/article-bonustrack-venezuela","article","18.05.2018","2018","","Der Weg in die TragÃ¶die","https://www.republik.ch/2018/05/18/der-weg-in-die-tragoedie","Beitrag","jonas","nur mÃ¤nnlich","Nein","","Nein","1","0","7","1","","","","","","","","","","","","",""
"","republik/article-venezuela","article","18.05.2018","2018","","Ein Land im freien Fall","https://www.republik.ch/2018/05/18/ein-land-im-freien-fall","Beitrag","mjk","nur mÃ¤nnlich","Ja","Betroffene, Protagonistin","Nein","5","0","21","3","","","","","","","","","","","","",""
"republik/format-was-diese-woche-wichtig-war","republik/article-gewalt-in-gaza-publicitas-konkurs-und-die-bleiernen-traenen-der-literatur","article","18.05.2018","2018","Was diese Woche wichtig war","Gewalt in Gaza, Argentinien kriselt â€“ und die bleiernen TrÃ¤nen der Literatur","https://www.republik.ch/2018/05/18/gewalt-in-gaza-argentinien-kriselt-und-die-bleiernen-traenen-der-literatur","Beitrag","oku","nur mÃ¤nnlich","Ja","Betroffene, Protagonistin","Nein","10","1","5","1","","","","","","","","","","","","",""
"","republik/article-tamedia","article","17.05.2018","2018","","Bombe mit ZeitzÃ¼nder","https://www.republik.ch/2018/05/17/die-tamedia-bombe-mit-zeitzuender","Beitrag","pae","nur mÃ¤nnlich","Nein","","Nein","14","0","13","0","","","","","","","","","","","","",""
"republik/format-briefing-aus-bern","republik/article-briefing-aus-bern-nr-12","article","17.05.2018","2018","Briefing aus Bern","Richterwahl per Tombola, Berset stoppt Ã„rzte â€“ und es gibt mehr Lohn fÃ¼r alle.","https://www.republik.ch/2018/05/17/richterwahl-per-tombola-berset-stoppt-aerzte-und-es-gibt-mehr-lohn-fuer-alle","Beitrag","philipp","nur mÃ¤nnlich","Ja","Expertin, Auskunftsperson","Nein","3","1","1","0","","","","","","","","","","","","",""
"","republik/article-zum-tag-gegen-homophobie","article","17.05.2018","2018","","Heiraten ist kein Privileg, es ist ein Recht","https://www.republik.ch/2018/05/17/heiraten-ist-kein-privileg-es-ist-ein-recht","Beitrag","ronja","nur mÃ¤nnlich","Nein","","Nein","3","0","1","0","","","","","","","","","","","","",""
"republik/format-am-gericht","republik/article-obsession","article","16.05.2018","2018","Am Gericht","Obsession","https://www.republik.ch/2018/05/16/obsession","Beitrag","danig","nur weiblich","Ja","Betroffene, Protagonistin","Nein","0","0","5","1","","","","","","","","","","","","",""
"","republik/article-izrs-prozess","article","16.05.2018","2018","","Ausweitung der Grauzone","https://www.republik.ch/2018/05/16/ausweitung-der-grauzone","Beitrag","kath","nur mÃ¤nnlich","Ja","beides","Ja","3","1","7","3","","","","","","","","","","","","",""
"","republik/article-bern-wappet-sich-gegen-den-angriff-aus-dem-silicon-valley","article","16.05.2018","2018","","Die Schweiz wappnet sich fÃ¼r den Angriff aus dem Silicon Valley","https://www.republik.ch/2018/05/16/die-schweiz-wappnet-sich-fuer-den-angriff-aus-dem-silicon-valley","Beitrag","olivier","nur weiblich","Ja","beides","Nein","5","1","6","4","","","","","","","","","","","","",""
"","republik/article-facebook-influenced-elections-in-66-countries","article","16.05.2018","2018","","Facebook Influenced Elections in 66 Countries","https://www.republik.ch/2018/05/16/facebook-influenced-elections-in-66-countries","Beitrag","patte","nur weiblich","Ja","beides","Nein","5","1","6","4","ist englische Ã¼bersetzung, kopiert von linie 120","","","","","","","","","","","",""
"","republik/article-der-traum-vom-tech-staat","article","15.05.2018","2018","","Der Traum vom Tech-Staat","https://www.republik.ch/2018/05/15/der-traum-vom-tech-staat","Beitrag","jonas","beides","Ja","Expertin, Auskunftsperson","Nein","10","3","11","0","","","","","","","","","","","","",""
"republik/format-blattkritik","republik/article-blattkritik-botschaft","article","15.05.2018","2018","Blattkritik","Â«Die Republik schafft es, dem fachfremden Leser Themen aus Recht und IT nahe zu bringenÂ»","https://www.republik.ch/2018/05/15/blattkritik-norbert-riedel","Beitrag","mjk","unbestimmt","Nein","","Nein","1","0","0","1","","","","","","","","","","","","",""
"republik/format-bergs-nerds","republik/article-nerds-retten-die-welt-5","article","15.05.2018","2018","Sibylle Berg","Nerds retten die Welt!","https://www.republik.ch/2018/05/15/nerds-retten-die-welt-5","Beitrag","pae","nur weiblich","Ja","Expertin, Auskunftsperson","Ja","7","8","0","0","","","","","","","","","","","","",""
"republik/format-auf-langer-sicht","republik/article-snb-bilanz-teil-2","article","14.05.2018","2018","Auf lange Sicht","Die Normalisierung der Schweizer Geldpolitik","https://www.republik.ch/2018/05/14/snb-bilanz-teil-3","Beitrag","philipp","nur mÃ¤nnlich","Nein","","Nein","4","0","0","0","","","","","","","","","","","","",""
"","republik/article-der-streit-um-markt-oder-staat-ist-sinnlos","article","14.05.2018","2018","","Â«Der Streit um Markt oder Staat ist sinnlosÂ»","https://www.republik.ch/2018/05/14/der-streit-um-markt-oder-staat-ist-sinnlos","Beitrag","ronja","nur mÃ¤nnlich","Nein","","Nein","1","0","0","0","","","","","","","","","","","","",""
"","republik/article-globi-am-wef","article","29.01.2018","2018","","Globi am WEF","https://www.republik.ch/2018/01/29/globi-am-wef","Beitrag","pae","nur mÃ¤nnlich","Ja","Expertin, Auskunftsperson","Nein","4","1","1","0","","","","","","","","","","","","",""
"","republik/article-gd-news-1","article","28.01.2018","2018","","Geheimsache Doping: Â«Putin wusste allesÂ»","https://www.republik.ch/2018/01/28/geheimsache-doping-whistleblower","Beitrag","pae","beides","Nein","","Nein","4","0","0","0","","","","","","","","","","","","",""
"republik/format-nahr","republik/article-iwaki-japan","article","27.01.2018","2018","Unterwegs mit Nahr","Iwaki, Japan","https://www.republik.ch/2018/01/27/kolumne-nahr-iwaki","Beitrag","pae","","","","","","","","","Podcast","","","","","","","","","","","",""
"republik/format-binswanger","republik/article-kolumne-vom-27-1-18","article","27.01.2018","2018","Binswanger","Die Pluto-Liberalen","https://www.republik.ch/2018/01/27/kolumne-binswanger","Beitrag","pae","nur mÃ¤nnlich","Ja","Expertin, Auskunftsperson","Ja","5","1","0","0","","","","","","","","","","","","",""
"republik/format-blattkritik","republik/article-blattkritik-matthias-ackeret","article","26.01.2018","2018","Blattkritik","Â«Ellenlange Texte auf dem iPhone? Internet funktioniert andersÂ»","https://www.republik.ch/2018/01/26/blattkritik-ackeret","Beitrag","pae","nur mÃ¤nnlich","Ja","Expertin, Auskunftsperson","Ja","3","2","0","0","","","","","","","","","","","","",""
"","republik/article-usa-4-nach-westen","article","26.01.2018","2018","","USA-Serie, Episode 4 â€“ Wild Is the West","https://www.republik.ch/2018/01/26/usa-serie-4","Beitrag","pae","","","","","","","","","zu lang","","","","","","","","","","","",""
"","republik/article-ein-laecheln-in-beijing","article","26.01.2018","2018","","Ein LÃ¤cheln in Peking","https://www.republik.ch/2018/01/26/ein-laecheln-in-peking","Beitrag","pae","nur mÃ¤nnlich","Nein","","Nein","5","0","0","0","","","","","","","","","","","","",""
"republik/format-was-diese-woche-wichtig-war","republik/article-was-diese-woche-wichtig-war-woche-4","article","26.01.2018","2018","Was diese Woche wichtig war","Krieg gegen Kurden, Ringen ums US-Budget â€“ und ein Warnstreik","https://www.republik.ch/2018/01/26/was-diese-woche-wichtig-war-woche-4","Beitrag","pae","unbestimmt","Ja","Expertin, Auskunftsperson","Ja","0","1","0","0","","","","","","","","","","","","",""
"","republik/article-ist-die-eurokrise-eigentlich-vorbei","article","25.01.2018","2018","","Ist die Eurokrise eigentlich vorbei?","https://www.republik.ch/2018/01/25/ist-die-eurokrise-eigentlich-vorbei","Beitrag","pae","nur mÃ¤nnlich","Ja","Expertin, Auskunftsperson","Nein","9","1","0","0","","","","","","","","","","","","",""
"republik/format-aus-der-arena","republik/article-krieg-der-pressesprecher","article","25.01.2018","2018","Aus der Arena","ScharmÃ¼tzel unter Pressesprechern","https://www.republik.ch/2018/01/25/scharmuetzel-unter-pressesprechern","Beitrag","pae","nur mÃ¤nnlich","Nein","","Nein","6","0","0","0","","","","","","","","","","","","",""
"republik/format-blattkritik","republik/article-blattkritik-paola-gallo","article","24.01.2018","2018","Blattkritik","Â«Republik lesen heisst Zeit haben, sich Zeit nehmen mÃ¼ssenÂ»","https://www.republik.ch/2018/01/24/blattkritik-gallo","Beitrag","pae","nur weiblich","Nein","","Nein","0","0","0","0","","","","","","","","","","","","",""
"","republik/article-usa-3-deep-south","article","24.01.2018","2018","","USA-Serie, Episode 3 - The Deep South","https://www.republik.ch/2018/01/24/usa-serie-3","Beitrag","pae","nur weiblich","Ja","beides","Ja","15","4","1","8","","","","","","","","","","","","",""
"republik/format-am-gericht","republik/article-am-gericht-dummy","article","24.01.2018","2018","Am Gericht","NÃ¤chtliche GlockenschlÃ¤ge","https://www.republik.ch/2018/01/24/kolumne-am-gericht","Beitrag","pae","nur mÃ¤nnlich","Nein","","Nein","6","0","0","0","","","","","","","","","","","","",""
"","republik/article-der-lachende-dritte","article","24.01.2018","2018","","Der lachende Dritte","https://www.republik.ch/2018/01/24/der-lachende-dritte","Beitrag","pae","nur mÃ¤nnlich","Nein","","Nein","6","0","0","0","","","","","","","","","","","","",""
"","republik/article-sprecher-viel-davos-um-nichts","article","23.01.2018","2018","","Viel Davos um nichts","https://www.republik.ch/2018/01/23/viel-davos-um-nichts","Beitrag","pae","nur weiblich","Ja","beides","Ja","30","4","2","1","","","","","","","","","","","","",""
"republik/format-bergs-nerds","republik/article-bergs-nerds-1","article","23.01.2018","2018","Sibylle Berg","Nerds retten die Welt!","https://www.republik.ch/2018/01/23/bergs-nerds-1","Beitrag","pae","nur weiblich","Nein","","Nein","2","0","0","0","","","","","","","","","","","","",""
"","republik/article-usa-2-atlanta","article","22.01.2018","2018","","USA-Serie, Episode 2 â€“ Shots Are Fired","https://www.republik.ch/2018/01/22/2018-01-02-usa-serie-2","Beitrag","pae","","","","","","","","","zu lang","","","","","","","","","","","",""
"","republik/article-fox-tv","article","22.01.2018","2018","","Fox News: Die Geschichte einer MachtÃ¼bernahme","https://www.republik.ch/2018/01/22/fox-news-geschichte-einer-machtubernahme","Beitrag","pae","nur mÃ¤nnlich","Ja","Expertin, Auskunftsperson","Nein","26","3","0","0","","","","","","","","","","","","",""
"","republik/article-was-die-mafia-dem-skorbut-zu-verdanken-hat","article","21.01.2018","2018","","Was die Mafia dem Skorbut zu verdanken hat","https://www.republik.ch/2018/01/21/was-die-mafia-dem-skorbut-zu-verdanken-hat","Beitrag","pae","nur mÃ¤nnlich","Nein","","Nein","3","0","0","0","","","","","","","","","","","","",""
"republik/format-binswanger","republik/article-die-ungleichheit-die-wir-wollen-18-01-18","article","20.01.2018","2018","Binswanger","Die Ungleichheit, die wir wollen","https://www.republik.ch/2018/01/20/kolumne-binswanger","Beitrag","pae","nur mÃ¤nnlich","Nein","","Nein","2","0","0","0","","","","","","","","","","","","",""
"republik/format-aus-der-arena","republik/article-ameise-10-punkte-die-ich-von-ihnen-gelernt-habe","article","20.01.2018","2018","Aus der Arena","10 Punkte, die ich von Ihnen gelernt habe","https://www.republik.ch/2018/01/20/von-ihnen-gelernt","Beitrag","pae","nur mÃ¤nnlich","Nein","","Nein","0","0","0","0","","","","","","","","","","","","",""
"republik/format-nahr","republik/article-tokyo-japan","article","19.01.2018","2018","Unterwegs mit Nahr","Tokio, Japan","https://www.republik.ch/2018/01/19/kolumne-nahr-tokio","Beitrag","pae","","","","","","","","","Podcast","","","","","","","","","","","",""
"","republik/article-usa-1-ground-zero","article","19.01.2018","2018","","USA-Serie, Episode 1 â€“ Ground Zero","https://www.republik.ch/2018/01/19/usa-serie-1","Beitrag","pae","nur weiblich","Ja","beides","Ja","18","7","7","11","","","","","","","","","","","","",""
"","republik/article-usa-auftakt","article","19.01.2018","2018","","USA-Serie, Auftakt â€“ Race, Class, Guns and God","https://www.republik.ch/2018/01/19/usa-serie","Beitrag","pae","beides","Ja","Expertin, Auskunftsperson","Ja","6","3","0","0","","","","","","","","","","","","",""
"republik/format-was-diese-woche-wichtig-war","republik/article-erster-entwurf-woche-2","article","19.01.2018","2018","Was diese Woche wichtig war","EU gegen Fake-News, SVP gegen Zuwanderung â€“ und ein Attentat","https://www.republik.ch/2018/01/19/woche-3","Beitrag","pae","unbestimmt","Ja","Betroffene, Protagonistin","Nein","4","0","0","1","","","","","","","","","","","","",""
"","republik/article-rausgewunden-ii-das-briefing-fuer-altfuersten","article","19.01.2018","2018","","Rausgewunden II â€“ der Crashkurs fÃ¼r AltfÃ¼rsten","https://www.republik.ch/2018/01/19/rausgewunden-crashkurs","Beitrag","pae","nur weiblich","Ja","Expertin, Auskunftsperson","Nein","3","2","0","0","","","","","","","","","","","","",""
"republik/format-blattkritik","republik/article-blattkritik-martin-landolt","article","18.01.2018","2018","Blattkritik","Â«Vergesst neben Facebook und Trump die Schweiz nichtÂ»","https://www.republik.ch/2018/01/18/blattkritik-landolt","Beitrag","pae","nur mÃ¤nnlich","Ja","Expertin, Auskunftsperson","Nein","0","1","0","0","","","","","","","","","","","","",""
"","republik/article-eine-kurze-geschichte-des-lasters","article","18.01.2018","2018","","Eine kurze Geschichte des Lasters","https://www.republik.ch/2018/01/18/eine-kurze-geschichte-des-lasters","Beitrag","pae","nur weiblich","Nein","","Nein","1","0","0","0","","","","","","","","","","","","",""
"","republik/article-rausgewunden-wie-altfursten-debatten-killen","article","18.01.2018","2018","","Rausgewunden","https://www.republik.ch/2018/01/18/altfuersten","Beitrag","pae","nur weiblich","Ja","Expertin, Auskunftsperson","Nein","3","1","0","0","","","","","","","","","","","","",""
"","republik/article-30-jahre-vor-gericht","article","17.01.2018","2018","","30 Jahre vor Gericht","https://www.republik.ch/2018/01/17/30-jahre-vor-gericht","Beitrag","pae","nur weiblich","Ja","beides","Ja","9","2","1","7","","","","","","","","","","","","",""
"republik/format-aus-der-redaktion","republik/article-warum-justiz","article","17.01.2018","2018","Aus der Redaktion","Warum Justiz ein Schwerpunktthema der Republik wird","https://www.republik.ch/2018/01/17/warum-justiz","Beitrag","pae","nur mÃ¤nnlich","Ja","Expertin, Auskunftsperson","Ja","2","3","0","0","","","","","","","","","","","","",""
"republik/format-blattkritik","republik/article-blattkritikerin-der-ersten-stunde-nicoletta-cimmino","article","16.01.2018","2018","Blattkritik","Â«Ein Anfang, der mich wach machtÂ»","https://www.republik.ch/2018/01/16/blattkritik-cimmino","Beitrag","pae","","","","","","","","","Audio","","","","","","","","","","","",""
"","republik/article-aufstieg-der-maschinen","article","16.01.2018","2018","","Aufstieg der Maschinen","https://www.republik.ch/2018/01/16/aufstieg-der-maschinen","Beitrag","pae","nur mÃ¤nnlich","Nein","","Nein","23","1","0","0","","","","","","","","","","","","",""
"","republik/article-demokratie-unter-irrationalen","article","15.01.2018","2018","","Demokratie unter Irrationalen","https://www.republik.ch/2018/01/15/demokratie-unter-irrationalen","Beitrag","pae","nur mÃ¤nnlich","Ja","Expertin, Auskunftsperson","Nein","21","3","0","0","","","","","","","","","","","","",""